{"nodes":[{"name":"Aaron","group":1},{"name":"Achyuta","group":2},{"name":"Adam","group":1},{"name":"Adel","group":3},{"name":"Agam","group":2},{"name":"Alex","group":5},{"name":"Allison","group":2},{"name":"Amit","group":1},{"name":"Andreas","group":4},{"name":"Andrey","group":9},{"name":"Andy","group":1},{"name":"Anne","group":2},{"name":"Barry","group":1},{"name":"Ben","group":9},{"name":"Bill","group":2},{"name":"Bob","group":5},{"name":"Brian","group":2},{"name":"Bruce","group":9},{"name":"Chris","group":2},{"name":"Corey","group":9},{"name":"Dan","group":1},{"name":"Dave","group":2},{"name":"Dean","group":1},{"name":"Denis","group":3},{"name":"Eli","group":2},{"name":"Eric","group":1},{"name":"Esteban","group":2},{"name":"Ezl","group":1},{"name":"Fawad","group":4},{"name":"Gabriel","group":2},{"name":"James","group":1},{"name":"Jason","group":5},{"name":"Jeff","group":1},{"name":"Jennifer","group":3},{"name":"Jim","group":2},{"name":"Jon","group":2},{"name":"Joe","group":2},{"name":"John","group":1},{"name":"Jonathan","group":4},{"name":"Justin","group":5},{"name":"Kim","group":2},{"name":"Kiril","group":5},{"name":"LeRoy","group":1},{"name":"Lester","group":3},{"name":"Mark","group":2},{"name":"Max","group":5},{"name":"Maykel","group":2},{"name":"Michael","group":7},{"name":"Musannif","group":6},{"name":"Neil","group":8}],"links":[{"source":0,"target":26,"value":10},{"source":0,"target":49,"value":3},{"source":0,"target":10,"value":2},{"source":0,"target":43,"value":3},{"source":0,"target":40,"value":5},{"source":0,"target":30,"value":4},{"source":0,"target":22,"value":10},{"source":0,"target":20,"value":1},{"source":0,"target":10,"value":1},{"source":0,"target":3,"value":6},{"source":1,"target":40,"value":7},{"source":1,"target":21,"value":4},{"source":1,"target":11,"value":5},{"source":1,"target":41,"value":6},{"source":1,"target":31,"value":2},{"source":1,"target":26,"value":1},{"source":1,"target":21,"value":3},{"source":1,"target":11,"value":5},{"source":1,"target":10,"value":4},{"source":2,"target":25,"value":9},{"source":2,"target":27,"value":4},{"source":2,"target":32,"value":8},{"source":2,"target":22,"value":9},{"source":2,"target":12,"value":8},{"source":2,"target":49,"value":3},{"source":2,"target":42,"value":4},{"source":2,"target":32,"value":10},{"source":2,"target":22,"value":6},{"source":2,"target":17,"value":9},{"source":2,"target":12,"value":5},{"source":3,"target":0,"value":6},{"source":3,"target":33,"value":2},{"source":3,"target":23,"value":2},{"source":3,"target":13,"value":10},{"source":3,"target":48,"value":10},{"source":3,"target":46,"value":4},{"source":3,"target":43,"value":6},{"source":3,"target":37,"value":9},{"source":3,"target":33,"value":10},{"source":3,"target":23,"value":3},{"source":3,"target":13,"value":3},{"source":4,"target":13,"value":9},{"source":4,"target":35,"value":7},{"source":4,"target":12,"value":6},{"source":4,"target":24,"value":9},{"source":4,"target":14,"value":4},{"source":4,"target":47,"value":9},{"source":4,"target":44,"value":8},{"source":4,"target":34,"value":8},{"source":4,"target":30,"value":2},{"source":4,"target":26,"value":4},{"source":4,"target":24,"value":5},{"source":4,"target":14,"value":4},{"source":5,"target":17,"value":3},{"source":5,"target":31,"value":8},{"source":5,"target":31,"value":9},{"source":5,"target":15,"value":10},{"source":5,"target":45,"value":9},{"source":5,"target":41,"value":1},{"source":5,"target":35,"value":10},{"source":5,"target":25,"value":3},{"source":5,"target":16,"value":4},{"source":5,"target":15,"value":5},{"source":6,"target":18,"value":4},{"source":6,"target":47,"value":8},{"source":6,"target":46,"value":10},{"source":6,"target":36,"value":2},{"source":6,"target":26,"value":2},{"source":6,"target":16,"value":2},{"source":6,"target":46,"value":4},{"source":6,"target":40,"value":7},{"source":6,"target":36,"value":1},{"source":6,"target":26,"value":4},{"source":6,"target":16,"value":4},{"source":7,"target":30,"value":7},{"source":7,"target":37,"value":4},{"source":7,"target":27,"value":10},{"source":7,"target":17,"value":9},{"source":7,"target":47,"value":9},{"source":7,"target":37,"value":7},{"source":7,"target":36,"value":7},{"source":7,"target":27,"value":7},{"source":7,"target":26,"value":7},{"source":7,"target":20,"value":5},{"source":7,"target":17,"value":4},{"source":8,"target":10,"value":3},{"source":8,"target":31,"value":6},{"source":8,"target":18,"value":2},{"source":8,"target":48,"value":4},{"source":8,"target":39,"value":5},{"source":8,"target":38,"value":7},{"source":8,"target":37,"value":4},{"source":8,"target":28,"value":10},{"source":8,"target":18,"value":8},{"source":8,"target":11,"value":3},{"source":9,"target":13,"value":1},{"source":9,"target":29,"value":1},{"source":9,"target":19,"value":4},{"source":9,"target":49,"value":2},{"source":9,"target":47,"value":2},{"source":9,"target":44,"value":5},{"source":9,"target":39,"value":5},{"source":9,"target":29,"value":10},{"source":9,"target":19,"value":1},{"source":9,"target":14,"value":5},{"source":10,"target":17,"value":9},{"source":10,"target":13,"value":3},{"source":10,"target":1,"value":4},{"source":10,"target":20,"value":7},{"source":10,"target":0,"value":1},{"source":10,"target":40,"value":4},{"source":10,"target":30,"value":10},{"source":10,"target":20,"value":6},{"source":10,"target":8,"value":3},{"source":10,"target":0,"value":2},{"source":11,"target":35,"value":1},{"source":11,"target":8,"value":3},{"source":11,"target":16,"value":1},{"source":11,"target":31,"value":9},{"source":11,"target":21,"value":7},{"source":11,"target":1,"value":5},{"source":11,"target":49,"value":4},{"source":11,"target":41,"value":6},{"source":11,"target":31,"value":2},{"source":11,"target":21,"value":7},{"source":11,"target":18,"value":2},{"source":11,"target":1,"value":5},{"source":12,"target":17,"value":4},{"source":12,"target":48,"value":7},{"source":12,"target":47,"value":1},{"source":12,"target":2,"value":5},{"source":12,"target":48,"value":1},{"source":12,"target":42,"value":3},{"source":12,"target":32,"value":9},{"source":12,"target":22,"value":5},{"source":12,"target":4,"value":6},{"source":12,"target":2,"value":8},{"source":13,"target":39,"value":10},{"source":13,"target":43,"value":4},{"source":13,"target":33,"value":1},{"source":13,"target":23,"value":6},{"source":13,"target":3,"value":3},{"source":13,"target":43,"value":8},{"source":13,"target":38,"value":7},{"source":13,"target":23,"value":5},{"source":13,"target":16,"value":10},{"source":13,"target":10,"value":3},{"source":13,"target":9,"value":1},{"source":13,"target":4,"value":9},{"source":13,"target":3,"value":10},{"source":14,"target":9,"value":5},{"source":14,"target":36,"value":4},{"source":14,"target":24,"value":1},{"source":14,"target":4,"value":4},{"source":14,"target":34,"value":10},{"source":14,"target":24,"value":1},{"source":14,"target":4,"value":4},{"source":16,"target":5,"value":4},{"source":16,"target":13,"value":10},{"source":16,"target":46,"value":1},{"source":16,"target":36,"value":10},{"source":16,"target":26,"value":9},{"source":16,"target":6,"value":4},{"source":16,"target":47,"value":9},{"source":16,"target":46,"value":5},{"source":16,"target":43,"value":9},{"source":16,"target":38,"value":10},{"source":16,"target":25,"value":10},{"source":16,"target":23,"value":3},{"source":16,"target":11,"value":1},{"source":16,"target":6,"value":2},{"source":15,"target":39,"value":6},{"source":15,"target":35,"value":4},{"source":15,"target":25,"value":1},{"source":15,"target":5,"value":5},{"source":15,"target":45,"value":2},{"source":15,"target":35,"value":3},{"source":15,"target":33,"value":2},{"source":15,"target":25,"value":6},{"source":15,"target":5,"value":10},{"source":18,"target":11,"value":2},{"source":18,"target":38,"value":3},{"source":18,"target":28,"value":7},{"source":18,"target":8,"value":8},{"source":18,"target":48,"value":4},{"source":18,"target":38,"value":7},{"source":18,"target":8,"value":2},{"source":18,"target":6,"value":4},{"source":17,"target":2,"value":9},{"source":17,"target":30,"value":3},{"source":17,"target":7,"value":4},{"source":17,"target":47,"value":4},{"source":17,"target":37,"value":8},{"source":17,"target":12,"value":4},{"source":17,"target":10,"value":9},{"source":17,"target":7,"value":9},{"source":17,"target":5,"value":3},{"source":20,"target":27,"value":5},{"source":20,"target":7,"value":5},{"source":20,"target":10,"value":6},{"source":20,"target":0,"value":1},{"source":20,"target":45,"value":5},{"source":20,"target":40,"value":9},{"source":20,"target":30,"value":7},{"source":20,"target":10,"value":7},{"source":19,"target":26,"value":2},{"source":19,"target":49,"value":4},{"source":19,"target":39,"value":9},{"source":19,"target":29,"value":2},{"source":19,"target":9,"value":1},{"source":19,"target":49,"value":6},{"source":19,"target":39,"value":7},{"source":19,"target":37,"value":2},{"source":19,"target":35,"value":1},{"source":19,"target":33,"value":5},{"source":19,"target":31,"value":6},{"source":19,"target":9,"value":4},{"source":22,"target":26,"value":7},{"source":22,"target":38,"value":8},{"source":22,"target":0,"value":10},{"source":22,"target":42,"value":1},{"source":22,"target":32,"value":7},{"source":22,"target":12,"value":5},{"source":22,"target":2,"value":6},{"source":22,"target":42,"value":6},{"source":22,"target":34,"value":8},{"source":22,"target":30,"value":9},{"source":22,"target":23,"value":6},{"source":22,"target":2,"value":9},{"source":21,"target":44,"value":8},{"source":21,"target":11,"value":7},{"source":21,"target":1,"value":3},{"source":21,"target":31,"value":9},{"source":21,"target":11,"value":7},{"source":21,"target":1,"value":4},{"source":24,"target":47,"value":7},{"source":24,"target":29,"value":10},{"source":24,"target":14,"value":1},{"source":24,"target":4,"value":5},{"source":24,"target":34,"value":7},{"source":24,"target":23,"value":4},{"source":24,"target":14,"value":1},{"source":24,"target":4,"value":9},{"source":23,"target":16,"value":3},{"source":23,"target":24,"value":4},{"source":23,"target":22,"value":6},{"source":23,"target":43,"value":9},{"source":23,"target":33,"value":5},{"source":23,"target":13,"value":5},{"source":23,"target":3,"value":3},{"source":23,"target":43,"value":8},{"source":23,"target":13,"value":6},{"source":23,"target":3,"value":2},{"source":26,"target":29,"value":3},{"source":26,"target":7,"value":7},{"source":26,"target":1,"value":1},{"source":26,"target":4,"value":4},{"source":26,"target":6,"value":4},{"source":26,"target":46,"value":4},{"source":26,"target":36,"value":10},{"source":26,"target":22,"value":7},{"source":26,"target":19,"value":2},{"source":26,"target":16,"value":9},{"source":26,"target":6,"value":2},{"source":26,"target":0,"value":10},{"source":25,"target":16,"value":10},{"source":25,"target":38,"value":5},{"source":25,"target":45,"value":1},{"source":25,"target":35,"value":3},{"source":25,"target":15,"value":6},{"source":25,"target":5,"value":3},{"source":25,"target":45,"value":2},{"source":25,"target":35,"value":6},{"source":25,"target":15,"value":1},{"source":25,"target":2,"value":9},{"source":28,"target":32,"value":5},{"source":28,"target":8,"value":10},{"source":28,"target":48,"value":7},{"source":28,"target":38,"value":8},{"source":28,"target":32,"value":7},{"source":28,"target":18,"value":7},{"source":27,"target":42,"value":9},{"source":27,"target":33,"value":10},{"source":27,"target":37,"value":7},{"source":27,"target":7,"value":7},{"source":27,"target":47,"value":8},{"source":27,"target":20,"value":5},{"source":27,"target":7,"value":10},{"source":27,"target":2,"value":4},{"source":30,"target":22,"value":9},{"source":30,"target":29,"value":8},{"source":30,"target":32,"value":5},{"source":30,"target":4,"value":2},{"source":30,"target":20,"value":7},{"source":30,"target":10,"value":10},{"source":30,"target":0,"value":4},{"source":30,"target":17,"value":3},{"source":30,"target":7,"value":7},{"source":29,"target":36,"value":10},{"source":29,"target":47,"value":10},{"source":29,"target":36,"value":7},{"source":29,"target":9,"value":10},{"source":29,"target":49,"value":7},{"source":29,"target":30,"value":8},{"source":29,"target":26,"value":3},{"source":29,"target":24,"value":10},{"source":29,"target":19,"value":2},{"source":29,"target":9,"value":1},{"source":33,"target":15,"value":2},{"source":33,"target":48,"value":5},{"source":33,"target":19,"value":5},{"source":33,"target":37,"value":4},{"source":33,"target":3,"value":10},{"source":33,"target":43,"value":3},{"source":33,"target":36,"value":5},{"source":33,"target":27,"value":10},{"source":33,"target":23,"value":5},{"source":33,"target":13,"value":1},{"source":33,"target":3,"value":2},{"source":34,"target":22,"value":8},{"source":34,"target":47,"value":5},{"source":34,"target":44,"value":6},{"source":34,"target":24,"value":7},{"source":34,"target":14,"value":10},{"source":34,"target":4,"value":8},{"source":34,"target":40,"value":8},{"source":31,"target":48,"value":2},{"source":31,"target":19,"value":6},{"source":31,"target":41,"value":3},{"source":31,"target":21,"value":9},{"source":31,"target":11,"value":2},{"source":31,"target":1,"value":2},{"source":31,"target":41,"value":9},{"source":31,"target":11,"value":9},{"source":31,"target":8,"value":6},{"source":31,"target":5,"value":8},{"source":31,"target":5,"value":9},{"source":32,"target":28,"value":7},{"source":32,"target":12,"value":9},{"source":32,"target":2,"value":10},{"source":32,"target":30,"value":5},{"source":32,"target":28,"value":5},{"source":32,"target":22,"value":7},{"source":32,"target":2,"value":8},{"source":37,"target":19,"value":2},{"source":37,"target":40,"value":10},{"source":37,"target":3,"value":9},{"source":37,"target":8,"value":4},{"source":37,"target":17,"value":8},{"source":37,"target":7,"value":7},{"source":37,"target":47,"value":8},{"source":37,"target":33,"value":4},{"source":37,"target":27,"value":7},{"source":37,"target":7,"value":4},{"source":38,"target":35,"value":7},{"source":38,"target":16,"value":10},{"source":38,"target":13,"value":7},{"source":38,"target":49,"value":10},{"source":38,"target":28,"value":8},{"source":38,"target":18,"value":7},{"source":38,"target":8,"value":7},{"source":38,"target":49,"value":2},{"source":38,"target":48,"value":5},{"source":38,"target":25,"value":5},{"source":38,"target":22,"value":8},{"source":38,"target":18,"value":3},{"source":35,"target":19,"value":1},{"source":35,"target":45,"value":3},{"source":35,"target":25,"value":6},{"source":35,"target":15,"value":3},{"source":35,"target":5,"value":10},{"source":35,"target":38,"value":7},{"source":35,"target":25,"value":3},{"source":35,"target":15,"value":4},{"source":35,"target":11,"value":1},{"source":35,"target":4,"value":7},{"source":36,"target":33,"value":5},{"source":36,"target":26,"value":10},{"source":36,"target":7,"value":7},{"source":36,"target":6,"value":1},{"source":36,"target":46,"value":7},{"source":36,"target":29,"value":10},{"source":36,"target":29,"value":7},{"source":36,"target":16,"value":10},{"source":36,"target":14,"value":4},{"source":36,"target":6,"value":2},{"source":41,"target":45,"value":10},{"source":41,"target":5,"value":1},{"source":41,"target":39,"value":8},{"source":41,"target":31,"value":9},{"source":41,"target":11,"value":6},{"source":41,"target":1,"value":6},{"source":41,"target":31,"value":3},{"source":42,"target":22,"value":6},{"source":42,"target":12,"value":3},{"source":42,"target":2,"value":4},{"source":42,"target":27,"value":9},{"source":42,"target":22,"value":1},{"source":39,"target":8,"value":5},{"source":39,"target":19,"value":7},{"source":39,"target":9,"value":5},{"source":39,"target":49,"value":3},{"source":39,"target":48,"value":10},{"source":39,"target":41,"value":8},{"source":39,"target":19,"value":9},{"source":39,"target":15,"value":6},{"source":39,"target":13,"value":10},{"source":40,"target":34,"value":8},{"source":40,"target":6,"value":7},{"source":40,"target":20,"value":9},{"source":40,"target":10,"value":4},{"source":40,"target":0,"value":5},{"source":40,"target":37,"value":10},{"source":40,"target":1,"value":7},{"source":45,"target":20,"value":5},{"source":45,"target":25,"value":2},{"source":45,"target":15,"value":2},{"source":45,"target":5,"value":9},{"source":45,"target":41,"value":10},{"source":45,"target":35,"value":3},{"source":45,"target":25,"value":1},{"source":46,"target":3,"value":4},{"source":46,"target":36,"value":7},{"source":46,"target":26,"value":4},{"source":46,"target":16,"value":5},{"source":46,"target":6,"value":4},{"source":46,"target":16,"value":1},{"source":46,"target":6,"value":10},{"source":43,"target":0,"value":3},{"source":43,"target":16,"value":9},{"source":43,"target":33,"value":3},{"source":43,"target":23,"value":8},{"source":43,"target":13,"value":8},{"source":43,"target":3,"value":6},{"source":43,"target":23,"value":9},{"source":43,"target":13,"value":4},{"source":44,"target":9,"value":5},{"source":44,"target":4,"value":8},{"source":44,"target":34,"value":6},{"source":44,"target":21,"value":8},{"source":49,"target":11,"value":4},{"source":49,"target":2,"value":3},{"source":49,"target":38,"value":2},{"source":49,"target":39,"value":3},{"source":49,"target":29,"value":7},{"source":49,"target":19,"value":6},{"source":49,"target":9,"value":2},{"source":49,"target":48,"value":6},{"source":49,"target":38,"value":10},{"source":49,"target":19,"value":4},{"source":49,"target":0,"value":3},{"source":48,"target":39,"value":10},{"source":48,"target":12,"value":1},{"source":48,"target":3,"value":10},{"source":48,"target":49,"value":6},{"source":48,"target":38,"value":5},{"source":48,"target":28,"value":7},{"source":48,"target":18,"value":4},{"source":48,"target":8,"value":4},{"source":48,"target":33,"value":5},{"source":48,"target":31,"value":2},{"source":48,"target":12,"value":7},{"source":47,"target":9,"value":2},{"source":47,"target":4,"value":9},{"source":47,"target":16,"value":9},{"source":47,"target":37,"value":8},{"source":47,"target":27,"value":8},{"source":47,"target":17,"value":4},{"source":47,"target":7,"value":9},{"source":47,"target":34,"value":5},{"source":47,"target":29,"value":10},{"source":47,"target":24,"value":7},{"source":47,"target":12,"value":1},{"source":47,"target":6,"value":8}]}